issue_key,issue_date
/nature/volumes/587/issues/7833,12 November 2020
/nature/volumes/587/issues/7832,5 November 2020
/nature/volumes/586/issues/7831,29 October 2020
/nature/volumes/586/issues/7830,22 October 2020
/nature/volumes/586/issues/7829,15 October 2020
/nature/volumes/586/issues/7828,8 October 2020
/nature/volumes/586/issues/7827,1 October 2020
/nature/volumes/585/issues/7826,24 September 2020
/nature/volumes/585/issues/7825,17 September 2020
/nature/volumes/585/issues/7824,10 September 2020
/nature/volumes/585/issues/7823,3 September 2020
/nature/volumes/584/issues/7822,27 August 2020
/nature/volumes/584/issues/7821,20 August 2020
/nature/volumes/584/issues/7820,13 August 2020
/nature/volumes/584/issues/7819,6 August 2020
/nature/volumes/583/issues/7818,30 July 2020
/nature/volumes/583/issues/7817,23 July 2020
/nature/volumes/583/issues/7816,16 July 2020
/nature/volumes/583/issues/7815,9 July 2020
/nature/volumes/583/issues/7814,2 July 2020
/nature/volumes/582/issues/7813,25 June 2020
/nature/volumes/582/issues/7812,18 June 2020
/nature/volumes/582/issues/7811,11 June 2020
/nature/volumes/582/issues/7810,4 June 2020
/nature/volumes/581/issues/7809,28 May 2020
/nature/volumes/581/issues/7808,21 May 2020
/nature/volumes/581/issues/7807,14 May 2020
/nature/volumes/581/issues/7806,7 May 2020
/nature/volumes/580/issues/7805,30 April 2020
/nature/volumes/580/issues/7804,23 April 2020
/nature/volumes/580/issues/7803,16 April 2020
/nature/volumes/580/issues/7802,9 April 2020
/nature/volumes/580/issues/7801,2 April 2020
/nature/volumes/579/issues/7800,26 March 2020
/nature/volumes/579/issues/7799,19 March 2020
/nature/volumes/579/issues/7798,12 March 2020
/nature/volumes/579/issues/7797,5 March 2020
/nature/volumes/578/issues/7796,27 February 2020
/nature/volumes/578/issues/7795,20 February 2020
/nature/volumes/578/issues/7794,13 February 2020
/nature/volumes/578/issues/7793,6 February 2020
/nature/volumes/577/issues/7792,30 January 2020
/nature/volumes/577/issues/7791,23 January 2020
/nature/volumes/577/issues/7790,16 January 2020
/nature/volumes/577/issues/7789,9 January 2020
/nature/volumes/577/issues/7788,2 January 2020
/nature/volumes/576/issues/7787,19 December 2019
/nature/volumes/576/issues/7786,12 December 2019
/nature/volumes/576/issues/7785,5 December 2019
/nature/volumes/575/issues/7784,28 November 2019
/nature/volumes/575/issues/7783,21 November 2019
/nature/volumes/575/issues/7782,14 November 2019
/nature/volumes/575/issues/7781,7 November 2019
/nature/volumes/574/issues/7780,31 October 2019
/nature/volumes/574/issues/7779,24 October 2019
/nature/volumes/574/issues/7778,17 October 2019
/nature/volumes/574/issues/7777,10 October 2019
/nature/volumes/574/issues/7776,3 October 2019
/nature/volumes/573/issues/7775,26 September 2019
/nature/volumes/573/issues/7774,19 September 2019
/nature/volumes/573/issues/7773,12 September 2019
/nature/volumes/573/issues/7772,5 September 2019
/nature/volumes/572/issues/7771,29 August 2019
/nature/volumes/572/issues/7770,22 August 2019
/nature/volumes/572/issues/7769,15 August 2019
/nature/volumes/572/issues/7768,8 August 2019
/nature/volumes/572/issues/7767,1 August 2019
/nature/volumes/571/issues/7766,25 July 2019
/nature/volumes/571/issues/7765,18 July 2019
/nature/volumes/571/issues/7764,11 July 2019
/nature/volumes/571/issues/7763,4 July 2019
/nature/volumes/570/issues/7762,27 June 2019
/nature/volumes/570/issues/7761,20 June 2019
/nature/volumes/570/issues/7760,13 June 2019
/nature/volumes/570/issues/7759,6 June 2019
/nature/volumes/569/issues/7758,30 May 2019
/nature/volumes/569/issues/7757,23 May 2019
/nature/volumes/569/issues/7756,16 May 2019
/nature/volumes/569/issues/7755,9 May 2019
/nature/volumes/569/issues/7754,2 May 2019
/nature/volumes/568/issues/7753,25 April 2019
/nature/volumes/568/issues/7752,18 April 2019
/nature/volumes/568/issues/7751,11 April 2019
/nature/volumes/568/issues/7750,4 April 2019
/nature/volumes/567/issues/7749,28 March 2019
/nature/volumes/567/issues/7748,21 March 2019
/nature/volumes/567/issues/7747,14 March 2019
/nature/volumes/567/issues/7746,7 March 2019
/nature/volumes/566/issues/7745,28 February 2019
/nature/volumes/566/issues/7744,21 February 2019
/nature/volumes/566/issues/7743,14 February 2019
/nature/volumes/566/issues/7742,7 February 2019
/nature/volumes/565/issues/7741,31 January 2019
/nature/volumes/565/issues/7740,24 January 2019
/nature/volumes/565/issues/7739,17 January 2019
/nature/volumes/565/issues/7738,10 January 2019
/nature/volumes/565/issues/7737,3 January 2019
/nature/volumes/564/issues/7736,20 December 2018
/nature/volumes/564/issues/7735,13 December 2018
/nature/volumes/564/issues/7734,6 December 2018
/nature/volumes/563/issues/7733,29 November 2018
/nature/volumes/563/issues/7732,22 November 2018
/nature/volumes/563/issues/7731,15 November 2018
/nature/volumes/563/issues/7730,8 November 2018
/nature/volumes/563/issues/7729,1 November 2018
/nature/volumes/562/issues/7728,25 October 2018
/nature/volumes/562/issues/7727,18 October 2018
/nature/volumes/562/issues/7726,11 October 2018
/nature/volumes/562/issues/7725,4 October 2018
/nature/volumes/561/issues/7724,27 September 2018
/nature/volumes/561/issues/7723,20 September 2018
/nature/volumes/561/issues/7722,13 September 2018
/nature/volumes/561/issues/7721,6 September 2018
/nature/volumes/560/issues/7720,30 August 2018
/nature/volumes/560/issues/7719,23 August 2018
/nature/volumes/560/issues/7718,16 August 2018
/nature/volumes/560/issues/7717,9 August 2018
/nature/volumes/560/issues/7716,2 August 2018
/nature/volumes/559/issues/7715,26 July 2018
/nature/volumes/559/issues/7714,19 July 2018
/nature/volumes/559/issues/7713,12 July 2018
/nature/volumes/559/issues/7712,5 July 2018
/nature/volumes/558/issues/7711,28 June 2018
/nature/volumes/558/issues/7710,21 June 2018
/nature/volumes/558/issues/7709,14 June 2018
/nature/volumes/558/issues/7708,7 June 2018
/nature/volumes/557/issues/7707,31 May 2018
/nature/volumes/557/issues/7706,24 May 2018
/nature/volumes/557/issues/7705,17 May 2018
/nature/volumes/557/issues/7704,10 May 2018
/nature/volumes/557/issues/7703,3 May 2018
/nature/volumes/556/issues/7702,26 April 2018
/nature/volumes/556/issues/7701,19 April 2018
/nature/volumes/556/issues/7700,12 April 2018
/nature/volumes/556/issues/7699,5 April 2018
/nature/volumes/555/issues/7698,29 March 2018
/nature/volumes/555/issues/7697,22 March 2018
/nature/volumes/555/issues/7696,15 March 2018
/nature/volumes/555/issues/7695,8 March 2018
/nature/volumes/555/issues/7694,1 March 2018
/nature/volumes/554/issues/7693,22 February 2018
/nature/volumes/554/issues/7692,15 February 2018
/nature/volumes/554/issues/7691,8 February 2018
/nature/volumes/554/issues/7690,1 February 2018
/nature/volumes/553/issues/7689,25 January 2018
/nature/volumes/553/issues/7688,18 January 2018
/nature/volumes/553/issues/7687,11 January 2018
/nature/volumes/553/issues/7686,4 January 2018
/nature/volumes/552/issues/7685,21 December 2017
/nature/volumes/552/issues/7684,14 December 2017
/nature/volumes/552/issues/7683,7 December 2017
/nature/volumes/551/issues/7682,30 November 2017
/nature/volumes/551/issues/7681,23 November 2017
/nature/volumes/551/issues/7680,16 November 2017
/nature/volumes/551/issues/7679,9 November 2017
/nature/volumes/551/issues/7678,2 November 2017
/nature/volumes/550/issues/7677,26 October 2017
/nature/volumes/550/issues/7676,19 October 2017
/nature/volumes/550/issues/7675,12 October 2017
/nature/volumes/550/issues/7674,5 October 2017
/nature/volumes/549/issues/7673,28 September 2017
/nature/volumes/549/issues/7672,21 September 2017
/nature/volumes/549/issues/7671,14 September 2017
/nature/volumes/549/issues/7670,7 September 2017
/nature/volumes/548/issues/7669,31 August 2017
/nature/volumes/548/issues/7668,24 August 2017
/nature/volumes/548/issues/7667,17 August 2017
/nature/volumes/548/issues/7666,10 August 2017
/nature/volumes/548/issues/7665,3 August 2017
/nature/volumes/547/issues/7664,27 July 2017
/nature/volumes/547/issues/7663,20 July 2017
/nature/volumes/547/issues/7662,13 July 2017
/nature/volumes/547/issues/7661,6 July 2017
/nature/volumes/546/issues/7660,29 June 2017
/nature/volumes/546/issues/7659,22 June 2017
/nature/volumes/546/issues/7658,15 June 2017
/nature/volumes/546/issues/7657,8 June 2017
/nature/volumes/546/issues/7656,1 June 2017
/nature/volumes/545/issues/7655,25 May 2017
/nature/volumes/545/issues/7654,18 May 2017
/nature/volumes/545/issues/7653,11 May 2017
/nature/volumes/545/issues/7652,4 May 2017
/nature/volumes/544/issues/7651,27 April 2017
/nature/volumes/544/issues/7650,20 April 2017
/nature/volumes/544/issues/7649,13 April 2017
/nature/volumes/544/issues/7648,6 April 2017
/nature/volumes/543/issues/7647,30 March 2017
/nature/volumes/543/issues/7646,23 March 2017
/nature/volumes/543/issues/7645,16 March 2017
/nature/volumes/543/issues/7644,9 March 2017
/nature/volumes/543/issues/7643,2 March 2017
/nature/volumes/542/issues/7642,23 February 2017
/nature/volumes/542/issues/7641,16 February 2017
/nature/volumes/542/issues/7640,9 February 2017
/nature/volumes/542/issues/7639,2 February 2017
/nature/volumes/541/issues/7638,26 January 2017
/nature/volumes/541/issues/7637,19 January 2017
/nature/volumes/541/issues/7636,12 January 2017
/nature/volumes/541/issues/7635,5 January 2017
/nature/volumes/540/issues/7634,22 December 2016
/nature/volumes/540/issues/7633,15 December 2016
/nature/volumes/540/issues/7632,8 December 2016
/nature/volumes/540/issues/7631,1 December 2016
/nature/volumes/539/issues/7630,24 November 2016
/nature/volumes/539/issues/7629,17 November 2016
/nature/volumes/539/issues/7628,10 November 2016
/nature/volumes/539/issues/7627,3 November 2016
/nature/volumes/538/issues/7626,27 October 2016
/nature/volumes/538/issues/7625,20 October 2016
/nature/volumes/538/issues/7624,13 October 2016
/nature/volumes/538/issues/7623,6 October 2016
/nature/volumes/537/issues/7622,29 September 2016
/nature/volumes/537/issues/7621,22 September 2016
/nature/volumes/537/issues/7620,15 September 2016
/nature/volumes/537/issues/7619,8 September 2016
/nature/volumes/537/issues/7618,1 September 2016
/nature/volumes/536/issues/7617,25 August 2016
/nature/volumes/536/issues/7616,18 August 2016
/nature/volumes/536/issues/7615,11 August 2016
/nature/volumes/536/issues/7614,4 August 2016
/nature/volumes/535/issues/7613,28 July 2016
/nature/volumes/535/issues/7612,21 July 2016
/nature/volumes/535/issues/7611,14 July 2016
/nature/volumes/535/issues/7610,7 July 2016
/nature/volumes/534/issues/7609,30 June 2016
/nature/volumes/534/issues/7608,23 June 2016
/nature/volumes/534/issues/7607,16 June 2016
/nature/volumes/534/issues/7606,9 June 2016
/nature/volumes/534/issues/7605,2 June 2016
/nature/volumes/533/issues/7604,26 May 2016
/nature/volumes/533/issues/7603,19 May 2016
/nature/volumes/533/issues/7602,12 May 2016
/nature/volumes/533/issues/7601,5 May 2016
/nature/volumes/532/issues/7600,28 April 2016
/nature/volumes/532/issues/7599,21 April 2016
/nature/volumes/532/issues/7598,14 April 2016
/nature/volumes/532/issues/7597,7 April 2016
/nature/volumes/531/issues/7596,31 March 2016
/nature/volumes/531/issues/7595,24 March 2016
/nature/volumes/531/issues/7594,17 March 2016
/nature/volumes/531/issues/7593,10 March 2016
/nature/volumes/531/issues/7592,3 March 2016
/nature/volumes/530/issues/7591,25 February 2016
/nature/volumes/530/issues/7590,18 February 2016
/nature/volumes/530/issues/7589,11 February 2016
/nature/volumes/530/issues/7588,4 February 2016
/nature/volumes/529/issues/7587,28 January 2016
/nature/volumes/529/issues/7586,21 January 2016
/nature/volumes/529/issues/7585,14 January 2016
/nature/volumes/529/issues/7584,7 January 2016
/nature/volumes/528/issues/7583,24 December 2015
/nature/volumes/528/issues/7582,17 December 2015
/nature/volumes/528/issues/7581,10 December 2015
/nature/volumes/528/issues/7580,3 December 2015
/nature/volumes/527/issues/7579,26 November 2015
/nature/volumes/527/issues/7578,19 November 2015
/nature/volumes/527/issues/7577,12 November 2015
/nature/volumes/527/issues/7576,5 November 2015
/nature/volumes/526/issues/7575,29 October 2015
/nature/volumes/526/issues/7574,22 October 2015
/nature/volumes/526/issues/7573,15 October 2015
/nature/volumes/526/issues/7572,8 October 2015
/nature/volumes/526/issues/7571,1 October 2015
/nature/volumes/525/issues/7570,24 September 2015
/nature/volumes/525/issues/7569,17 September 2015
/nature/volumes/525/issues/7568,10 September 2015
/nature/volumes/525/issues/7567,3 September 2015
/nature/volumes/524/issues/7566,27 August 2015
/nature/volumes/524/issues/7565,20 August 2015
/nature/volumes/524/issues/7564,13 August 2015
/nature/volumes/524/issues/7563,6 August 2015
/nature/volumes/523/issues/7562,30 July 2015
/nature/volumes/523/issues/7561,23 July 2015
/nature/volumes/523/issues/7560,16 July 2015
/nature/volumes/523/issues/7559,9 July 2015
/nature/volumes/523/issues/7558,2 July 2015
/nature/volumes/522/issues/7557,25 June 2015
/nature/volumes/522/issues/7556,18 June 2015
/nature/volumes/522/issues/7555,11 June 2015
/nature/volumes/522/issues/7554,4 June 2015
/nature/volumes/521/issues/7553,28 May 2015
/nature/volumes/521/issues/7552,21 May 2015
/nature/volumes/521/issues/7551,14 May 2015
/nature/volumes/521/issues/7550,7 May 2015
/nature/volumes/520/issues/7549,30 April 2015
/nature/volumes/520/issues/7548,23 April 2015
/nature/volumes/520/issues/7547,16 April 2015
/nature/volumes/520/issues/7546,9 April 2015
/nature/volumes/520/issues/7545,2 April 2015
/nature/volumes/519/issues/7544,26 March 2015
/nature/volumes/519/issues/7543,19 March 2015
/nature/volumes/519/issues/7542,12 March 2015
/nature/volumes/519/issues/7541,5 March 2015
/nature/volumes/518/issues/7540,26 February 2015
/nature/volumes/518/issues/7539,19 February 2015
/nature/volumes/518/issues/7538,12 February 2015
/nature/volumes/518/issues/7537,5 February 2015
/nature/volumes/517/issues/7536,29 January 2015
/nature/volumes/517/issues/7535,22 January 2015
/nature/volumes/517/issues/7534,15 January 2015
/nature/volumes/517/issues/7533,8 January 2015
/nature/volumes/517/issues/7532,1 January 2015
/nature/volumes/516/issues/7531,18 December 2014
/nature/volumes/516/issues/7530,11 December 2014
/nature/volumes/516/issues/7529,4 December 2014
/nature/volumes/515/issues/7528,27 November 2014
/nature/volumes/515/issues/7527,20 November 2014
/nature/volumes/515/issues/7526,13 November 2014
/nature/volumes/515/issues/7525,6 November 2014
/nature/volumes/514/issues/7524,30 October 2014
/nature/volumes/514/issues/7523,23 October 2014
/nature/volumes/514/issues/7522,16 October 2014
/nature/volumes/514/issues/7521,9 October 2014
/nature/volumes/514/issues/7520,2 October 2014
/nature/volumes/513/issues/7519,25 September 2014
/nature/volumes/513/issues/7518,18 September 2014
/nature/volumes/513/issues/7517,11 September 2014
/nature/volumes/513/issues/7516,4 September 2014
/nature/volumes/512/issues/7515,28 August 2014
/nature/volumes/512/issues/7514,21 August 2014
/nature/volumes/512/issues/7513,14 August 2014
/nature/volumes/512/issues/7512,7 August 2014
/nature/volumes/511/issues/7511,31 July 2014
/nature/volumes/511/issues/7510,24 July 2014
/nature/volumes/511/issues/7509,17 July 2014
/nature/volumes/511/issues/7508,10 July 2014
/nature/volumes/511/issues/7507,3 July 2014
/nature/volumes/510/issues/7506,26 June 2014
/nature/volumes/510/issues/7505,19 June 2014
/nature/volumes/510/issues/7504,12 June 2014
/nature/volumes/510/issues/7503,5 June 2014
/nature/volumes/509/issues/7502,29 May 2014
/nature/volumes/509/issues/7501,22 May 2014
/nature/volumes/509/issues/7500,15 May 2014
/nature/volumes/509/issues/7499,8 May 2014
/nature/volumes/509/issues/7498,1 May 2014
/nature/volumes/508/issues/7497,24 April 2014
/nature/volumes/508/issues/7496,17 April 2014
/nature/volumes/508/issues/7495,10 April 2014
/nature/volumes/508/issues/7494,3 April 2014
/nature/volumes/507/issues/7493,27 March 2014
/nature/volumes/507/issues/7492,20 March 2014
/nature/volumes/507/issues/7491,13 March 2014
/nature/volumes/507/issues/7490,6 March 2014
/nature/volumes/506/issues/7489,27 February 2014
/nature/volumes/506/issues/7488,20 February 2014
/nature/volumes/506/issues/7487,13 February 2014
/nature/volumes/506/issues/7486,6 February 2014
/nature/volumes/505/issues/7485,30 January 2014
/nature/volumes/505/issues/7484,23 January 2014
/nature/volumes/505/issues/7483,16 January 2014
/nature/volumes/505/issues/7482,9 January 2014
/nature/volumes/505/issues/7481,2 January 2014
/nature/volumes/504/issues/7480,19 December 2013
/nature/volumes/504/issues/7479,12 December 2013
/nature/volumes/504/issues/7478,5 December 2013
/nature/volumes/503/issues/7477,28 November 2013
/nature/volumes/503/issues/7476,21 November 2013
/nature/volumes/503/issues/7475,14 November 2013
/nature/volumes/503/issues/7474,7 November 2013
/nature/volumes/502/issues/7473,31 October 2013
/nature/volumes/502/issues/7472,24 October 2013
/nature/volumes/502/issues/7471,17 October 2013
/nature/volumes/502/issues/7470,10 October 2013
/nature/volumes/502/issues/7469,3 October 2013
/nature/volumes/501/issues/7468,26 September 2013
/nature/volumes/501/issues/7467,19 September 2013
/nature/volumes/501/issues/7466,12 September 2013
/nature/volumes/501/issues/7465,5 September 2013
/nature/volumes/500/issues/7464,29 August 2013
/nature/volumes/500/issues/7463,22 August 2013
/nature/volumes/500/issues/7462,15 August 2013
/nature/volumes/500/issues/7461,8 August 2013
/nature/volumes/500/issues/7460,1 August 2013
/nature/volumes/499/issues/7459,25 July 2013
/nature/volumes/499/issues/7458,18 July 2013
/nature/volumes/499/issues/7457,11 July 2013
/nature/volumes/499/issues/7456,4 July 2013
/nature/volumes/498/issues/7455,27 June 2013
/nature/volumes/498/issues/7454,20 June 2013
/nature/volumes/498/issues/7453,13 June 2013
/nature/volumes/498/issues/7452,6 June 2013
/nature/volumes/497/issues/7451,30 May 2013
/nature/volumes/497/issues/7450,23 May 2013
/nature/volumes/497/issues/7449,16 May 2013
/nature/volumes/497/issues/7448,9 May 2013
/nature/volumes/497/issues/7447,2 May 2013
/nature/volumes/496/issues/7446,25 April 2013
/nature/volumes/496/issues/7445,18 April 2013
/nature/volumes/496/issues/7444,11 April 2013
/nature/volumes/496/issues/7443,4 April 2013
/nature/volumes/495/issues/7442,28 March 2013
/nature/volumes/495/issues/7441,21 March 2013
/nature/volumes/495/issues/7440,14 March 2013
/nature/volumes/495/issues/7439,7 March 2013
/nature/volumes/494/issues/7438,28 February 2013
/nature/volumes/494/issues/7437,21 February 2013
/nature/volumes/494/issues/7436,14 February 2013
/nature/volumes/494/issues/7435,7 February 2013
/nature/volumes/493/issues/7434,31 January 2013
/nature/volumes/493/issues/7433,24 January 2013
/nature/volumes/493/issues/7432,17 January 2013
/nature/volumes/493/issues/7431,10 January 2013
/nature/volumes/493/issues/7430,3 January 2013
/nature/volumes/492/issues/7429,20 December 2012
/nature/volumes/492/issues/7428,13 December 2012
/nature/volumes/492/issues/7427,6 December 2012
/nature/volumes/491/issues/7426,29 November 2012
/nature/volumes/491/issues/7425,22 November 2012
/nature/volumes/491/issues/7424,15 November 2012
/nature/volumes/491/issues/7423,8 November 2012
/nature/volumes/491/issues/7422,1 November 2012
/nature/volumes/490/issues/7421,25 October 2012
/nature/volumes/490/issues/7420,18 October 2012
/nature/volumes/490/issues/7419,11 October 2012
/nature/volumes/490/issues/7418,4 October 2012
/nature/volumes/489/issues/7417,27 September 2012
/nature/volumes/489/issues/7416,20 September 2012
/nature/volumes/489/issues/7415,13 September 2012
/nature/volumes/489/issues/7414,6 September 2012
/nature/volumes/488/issues/7413,30 August 2012
/nature/volumes/488/issues/7412,23 August 2012
/nature/volumes/488/issues/7411,16 August 2012
/nature/volumes/488/issues/7410,9 August 2012
/nature/volumes/488/issues/7409,2 August 2012
/nature/volumes/487/issues/7408,26 July 2012
/nature/volumes/487/issues/7407,19 July 2012
/nature/volumes/487/issues/7406,12 July 2012
/nature/volumes/487/issues/7405,5 July 2012
/nature/volumes/486/issues/7404,28 June 2012
/nature/volumes/486/issues/7403,21 June 2012
/nature/volumes/486/issues/7402,14 June 2012
/nature/volumes/486/issues/7401,7 June 2012
/nature/volumes/485/issues/7400,31 May 2012
/nature/volumes/485/issues/7399,24 May 2012
/nature/volumes/485/issues/7398,17 May 2012
/nature/volumes/485/issues/7397,10 May 2012
/nature/volumes/485/issues/7396,3 May 2012
/nature/volumes/484/issues/7395,26 April 2012
/nature/volumes/484/issues/7394,19 April 2012
/nature/volumes/484/issues/7393,12 April 2012
/nature/volumes/484/issues/7392,5 April 2012
/nature/volumes/483/issues/7391,29 March 2012
/nature/volumes/483/issues/7390,22 March 2012
/nature/volumes/483/issues/7389,15 March 2012
/nature/volumes/483/issues/7388,8 March 2012
/nature/volumes/483/issues/7387,1 March 2012
/nature/volumes/482/issues/7386,23 February 2012
/nature/volumes/482/issues/7385,16 February 2012
/nature/volumes/482/issues/7384,9 February 2012
/nature/volumes/482/issues/7383,2 February 2012
/nature/volumes/481/issues/7382,26 January 2012
/nature/volumes/481/issues/7381,19 January 2012
/nature/volumes/481/issues/7380,12 January 2012
/nature/volumes/481/issues/7379,5 January 2012
/nature/volumes/480/issues/7378,22 December 2011
/nature/volumes/480/issues/7377,15 December 2011
/nature/volumes/480/issues/7376,8 December 2011
/nature/volumes/480/issues/7375,1 December 2011
/nature/volumes/479/issues/7374,24 November 2011
/nature/volumes/479/issues/7373,17 November 2011
/nature/volumes/479/issues/7372,10 November 2011
/nature/volumes/479/issues/7371,3 November 2011
/nature/volumes/478/issues/7370,27 October 2011
/nature/volumes/478/issues/7369,20 October 2011
/nature/volumes/478/issues/7368,13 October 2011
/nature/volumes/478/issues/7367,6 October 2011
/nature/volumes/477/issues/7366,29 September 2011
/nature/volumes/477/issues/7365,22 September 2011
/nature/volumes/477/issues/7364,15 September 2011
/nature/volumes/477/issues/7363,8 September 2011
/nature/volumes/477/issues/7362,1 September 2011
/nature/volumes/476/issues/7361,25 August 2011
/nature/volumes/476/issues/7360,18 August 2011
/nature/volumes/476/issues/7359,11 August 2011
/nature/volumes/476/issues/7358,4 August 2011
/nature/volumes/475/issues/7357,28 July 2011
/nature/volumes/475/issues/7356,21 July 2011
/nature/volumes/475/issues/7355,14 July 2011
/nature/volumes/475/issues/7354,7 July 2011
/nature/volumes/474/issues/7353,30 June 2011
/nature/volumes/474/issues/7352,23 June 2011
/nature/volumes/474/issues/7351,16 June 2011
/nature/volumes/474/issues/7350,9 June 2011
/nature/volumes/474/issues/7349,2 June 2011
/nature/volumes/473/issues/7348,26 May 2011
/nature/volumes/473/issues/7347,19 May 2011
/nature/volumes/473/issues/7346,12 May 2011
/nature/volumes/473/issues/7345,5 May 2011
/nature/volumes/472/issues/7344,28 April 2011
/nature/volumes/472/issues/7343,21 April 2011
/nature/volumes/472/issues/7342,14 April 2011
/nature/volumes/472/issues/7341,7 April 2011
/nature/volumes/471/issues/7340,31 March 2011
/nature/volumes/471/issues/7339,24 March 2011
/nature/volumes/471/issues/7338,17 March 2011
/nature/volumes/471/issues/7337,10 March 2011
/nature/volumes/471/issues/7336,3 March 2011
/nature/volumes/470/issues/7335,24 February 2011
/nature/volumes/470/issues/7334,17 February 2011
/nature/volumes/470/issues/7333,10 February 2011
/nature/volumes/470/issues/7332,3 February 2011
/nature/volumes/469/issues/7331,27 January 2011
/nature/volumes/469/issues/7330,20 January 2011
/nature/volumes/469/issues/7329,13 January 2011
/nature/volumes/469/issues/7328,6 January 2011
/nature/volumes/468/issues/7327,23 December 2010
/nature/volumes/468/issues/7326,16 December 2010
/nature/volumes/468/issues/7325,9 December 2010
/nature/volumes/468/issues/7324,2 December 2010
/nature/volumes/468/issues/7323,25 November 2010
/nature/volumes/468/issues/7322,18 November 2010
/nature/volumes/468/issues/7321,11 November 2010
/nature/volumes/468/issues/7320,4 November 2010
/nature/volumes/467/issues/7319,28 October 2010
/nature/volumes/467/issues/7318,21 October 2010
/nature/volumes/467/issues/7317,14 October 2010
/nature/volumes/467/issues/7316,7 October 2010
/nature/volumes/467/issues/7315,30 September 2010
/nature/volumes/467/issues/7314,23 September 2010
/nature/volumes/467/issues/7313,16 September 2010
/nature/volumes/467/issues/7312,9 September 2010
/nature/volumes/467/issues/7311,2 September 2010
/nature/volumes/466/issues/7310,26 August 2010
/nature/volumes/466/issues/7309,19 August 2010
/nature/volumes/466/issues/7308,12 August 2010
/nature/volumes/466/issues/7307,5 August 2010
/nature/volumes/466/issues/7306,29 July 2010
/nature/volumes/466/issues/7305,22 July 2010
/nature/volumes/466/issues/7304,15 July 2010
/nature/volumes/466/issues/7303,8 July 2010
/nature/volumes/466/issues/7302,1 July 2010
/nature/volumes/465/issues/7301,24 June 2010
/nature/volumes/465/issues/7300,17 June 2010
/nature/volumes/465/issues/7299,10 June 2010
/nature/volumes/465/issues/7298,3 June 2010
/nature/volumes/465/issues/7297,27 May 2010
/nature/volumes/465/issues/7296,20 May 2010
/nature/volumes/465/issues/7295,13 May 2010
/nature/volumes/465/issues/7294,6 May 2010
/nature/volumes/464/issues/7293,29 April 2010
/nature/volumes/464/issues/7292,22 April 2010
/nature/volumes/464/issues/7291,15 April 2010
/nature/volumes/464/issues/7290,8 April 2010
/nature/volumes/464/issues/7289,1 April 2010
/nature/volumes/464/issues/7288,25 March 2010
/nature/volumes/464/issues/7287,18 March 2010
/nature/volumes/464/issues/7286,11 March 2010
/nature/volumes/464/issues/7285,4 March 2010
/nature/volumes/463/issues/7284,25 February 2010
/nature/volumes/463/issues/7283,18 February 2010
/nature/volumes/463/issues/7282,11 February 2010
/nature/volumes/463/issues/7281,4 February 2010
/nature/volumes/463/issues/7280,28 January 2010
/nature/volumes/463/issues/7279,21 January 2010
/nature/volumes/463/issues/7278,14 January 2010
/nature/volumes/463/issues/7277,7 January 2010
/nature/volumes/462/issues/7276,24 December 2009
/nature/volumes/462/issues/7275,17 December 2009
/nature/volumes/462/issues/7274,10 December 2009
/nature/volumes/462/issues/7273,3 December 2009
/nature/volumes/462/issues/7272,26 November 2009
/nature/volumes/462/issues/7271,19 November 2009
/nature/volumes/462/issues/7270,12 November 2009
/nature/volumes/462/issues/7269,5 November 2009
/nature/volumes/461/issues/7268,29 October 2009
/nature/volumes/461/issues/7267,22 October 2009
/nature/volumes/461/issues/7266,15 October 2009
/nature/volumes/461/issues/7265,8 October 2009
/nature/volumes/461/issues/7264,1 October 2009
/nature/volumes/461/issues/7263,24 September 2009
/nature/volumes/461/issues/7262,17 September 2009
/nature/volumes/461/issues/7261,10 September 2009
/nature/volumes/461/issues/7260,3 September 2009
/nature/volumes/460/issues/7259,27 August 2009
/nature/volumes/460/issues/7258,20 August 2009
/nature/volumes/460/issues/7257,13 August 2009
/nature/volumes/460/issues/7256,6 August 2009
/nature/volumes/460/issues/7255,30 July 2009
/nature/volumes/460/issues/7254,23 July 2009
/nature/volumes/460/issues/7253,16 July 2009
/nature/volumes/460/issues/7252,9 July 2009
/nature/volumes/460/issues/7251,2 July 2009
/nature/volumes/459/issues/7250,25 June 2009
/nature/volumes/459/issues/7249,18 June 2009
/nature/volumes/459/issues/7248,11 June 2009
/nature/volumes/459/issues/7247,4 June 2009
/nature/volumes/459/issues/7246,28 May 2009
/nature/volumes/459/issues/7245,21 May 2009
/nature/volumes/459/issues/7244,14 May 2009
/nature/volumes/459/issues/7243,7 May 2009
/nature/volumes/458/issues/7242,30 April 2009
/nature/volumes/458/issues/7241,23 April 2009
/nature/volumes/458/issues/7240,16 April 2009
/nature/volumes/458/issues/7239,9 April 2009
/nature/volumes/458/issues/7238,2 April 2009
/nature/volumes/458/issues/7237,26 March 2009
/nature/volumes/458/issues/7236,19 March 2009
/nature/volumes/458/issues/7235,12 March 2009
/nature/volumes/458/issues/7234,5 March 2009
/nature/volumes/457/issues/7233,26 February 2009
/nature/volumes/457/issues/7232,19 February 2009
/nature/volumes/457/issues/7231,12 February 2009
/nature/volumes/457/issues/7230,5 February 2009
/nature/volumes/457/issues/7229,29 January 2009
/nature/volumes/457/issues/7228,22 January 2009
/nature/volumes/457/issues/7227,15 January 2009
/nature/volumes/457/issues/7226,8 January 2009
/nature/volumes/457/issues/7225,1 January 2009
/nature/volumes/456/issues/7224,18 December 2008
/nature/volumes/456/issues/7223,11 December 2008
/nature/volumes/456/issues/7222,4 December 2008
/nature/volumes/456/issues/7221,27 November 2008
/nature/volumes/456/issues/7220,20 November 2008
/nature/volumes/456/issues/7219,13 November 2008
/nature/volumes/456/issues/7218,6 November 2008
/nature/volumes/455/issues/7217,30 October 2008
/nature/volumes/455/issues/7216,23 October 2008
/nature/volumes/455/issues/7215,16 October 2008
/nature/volumes/455/issues/7214,9 October 2008
/nature/volumes/455/issues/7213,2 October 2008
/nature/volumes/455/issues/7212,25 September 2008
/nature/volumes/455/issues/7211,18 September 2008
/nature/volumes/455/issues/7210,11 September 2008
/nature/volumes/455/issues/7209,4 September 2008
/nature/volumes/454/issues/7208,28 August 2008
/nature/volumes/454/issues/7207,21 August 2008
/nature/volumes/454/issues/7206,14 August 2008
/nature/volumes/454/issues/7205,7 August 2008
/nature/volumes/454/issues/7204,31 July 2008
/nature/volumes/454/issues/7203,24 July 2008
/nature/volumes/454/issues/7202,17 July 2008
/nature/volumes/454/issues/7201,10 July 2008
/nature/volumes/454/issues/7200,3 July 2008
/nature/volumes/453/issues/7199,26 June 2008
/nature/volumes/453/issues/7198,19 June 2008
/nature/volumes/453/issues/7197,12 June 2008
/nature/volumes/453/issues/7196,5 June 2008
/nature/volumes/453/issues/7195,29 May 2008
/nature/volumes/453/issues/7194,22 May 2008
/nature/volumes/453/issues/7193,15 May 2008
/nature/volumes/453/issues/7192,8 May 2008
/nature/volumes/453/issues/7191,1 May 2008
/nature/volumes/452/issues/7190,24 April 2008
/nature/volumes/452/issues/7189,17 April 2008
/nature/volumes/452/issues/7188,10 April 2008
/nature/volumes/452/issues/7187,3 April 2008
/nature/volumes/452/issues/7186,27 March 2008
/nature/volumes/452/issues/7185,20 March 2008
/nature/volumes/452/issues/7184,13 March 2008
/nature/volumes/452/issues/7183,6 March 2008
/nature/volumes/451/issues/7182,28 February 2008
/nature/volumes/451/issues/7181,21 February 2008
/nature/volumes/451/issues/7180,14 February 2008
/nature/volumes/451/issues/7179,7 February 2008
/nature/volumes/451/issues/7178,31 January 2008
/nature/volumes/451/issues/7177,24 January 2008
/nature/volumes/451/issues/7176,17 January 2008
/nature/volumes/451/issues/7175,10 January 2008
/nature/volumes/451/issues/7174,3 January 2008
/nature/volumes/450/issues/7173,20 December 2007
/nature/volumes/450/issues/7172,13 December 2007
/nature/volumes/450/issues/7171,6 December 2007
/nature/volumes/450/issues/7170,29 November 2007
/nature/volumes/450/issues/7169,22 November 2007
/nature/volumes/450/issues/7168,15 November 2007
/nature/volumes/450/issues/7167,8 November 2007
/nature/volumes/450/issues/7166,1 November 2007
/nature/volumes/449/issues/7165,25 October 2007
/nature/volumes/449/issues/7164,18 October 2007
/nature/volumes/449/issues/7163,11 October 2007
/nature/volumes/449/issues/7162,4 October 2007
/nature/volumes/449/issues/7161,27 September 2007
/nature/volumes/449/issues/7160,20 September 2007
/nature/volumes/449/issues/7159,13 September 2007
/nature/volumes/449/issues/7158,6 September 2007
/nature/volumes/448/issues/7157,30 August 2007
/nature/volumes/448/issues/7156,23 August 2007
/nature/volumes/448/issues/7155,16 August 2007
/nature/volumes/448/issues/7154,9 August 2007
/nature/volumes/448/issues/7153,2 August 2007
/nature/volumes/448/issues/7152,26 July 2007
/nature/volumes/448/issues/7151,19 July 2007
/nature/volumes/448/issues/7150,12 July 2007
/nature/volumes/448/issues/7149,5 July 2007
/nature/volumes/447/issues/7148,28 June 2007
/nature/volumes/447/issues/7147,21 June 2007
/nature/volumes/447/issues/7146,14 June 2007
/nature/volumes/447/issues/7145,7 June 2007
/nature/volumes/447/issues/7144,31 May 2007
/nature/volumes/447/issues/7143,24 May 2007
/nature/volumes/447/issues/7142,17 May 2007
/nature/volumes/447/issues/7141,10 May 2007
/nature/volumes/447/issues/7140,3 May 2007
/nature/volumes/446/issues/7139,26 April 2007
/nature/volumes/446/issues/7138,19 April 2007
/nature/volumes/446/issues/7137,12 April 2007
/nature/volumes/446/issues/7136,5 April 2007
/nature/volumes/446/issues/7135,29 March 2007
/nature/volumes/446/issues/7134,22 March 2007
/nature/volumes/446/issues/7133,15 March 2007
/nature/volumes/446/issues/7132,8 March 2007
/nature/volumes/446/issues/7131,1 March 2007
/nature/volumes/445/issues/7130,22 February 2007
/nature/volumes/445/issues/7129,15 February 2007
/nature/volumes/445/issues/7128,8 February 2007
/nature/volumes/445/issues/7127,1 February 2007
/nature/volumes/445/issues/7126,25 January 2007
/nature/volumes/445/issues/7125,18 January 2007
/nature/volumes/445/issues/7124,11 January 2007
/nature/volumes/445/issues/7123,4 January 2007
/nature/volumes/444/issues/7122,21 December 2006
/nature/volumes/444/issues/7121,14 December 2006
/nature/volumes/444/issues/7120,7 December 2006
/nature/volumes/444/issues/7119,30 November 2006
/nature/volumes/444/issues/7118,23 November 2006
/nature/volumes/444/issues/7117,16 November 2006
/nature/volumes/444/issues/7116,9 November 2006
/nature/volumes/444/issues/7115,2 November 2006
/nature/volumes/443/issues/7114,26 October 2006
/nature/volumes/443/issues/7113,19 October 2006
/nature/volumes/443/issues/7112,12 October 2006
/nature/volumes/443/issues/7111,5 October 2006
/nature/volumes/443/issues/7110,28 September 2006
/nature/volumes/443/issues/7109,21 September 2006
/nature/volumes/443/issues/7108,14 September 2006
/nature/volumes/443/issues/7107,7 September 2006
/nature/volumes/442/issues/7106,31 August 2006
/nature/volumes/442/issues/7105,24 August 2006
/nature/volumes/442/issues/7104,17 August 2006
/nature/volumes/442/issues/7103,10 August 2006
/nature/volumes/442/issues/7102,3 August 2006
/nature/volumes/442/issues/7101,27 July 2006
/nature/volumes/442/issues/7100,20 July 2006
/nature/volumes/442/issues/7099,13 July 2006
/nature/volumes/442/issues/7098,6 July 2006
/nature/volumes/441/issues/7097,29 June 2006
/nature/volumes/441/issues/7096,22 June 2006
/nature/volumes/441/issues/7095,15 June 2006
/nature/volumes/441/issues/7094,8 June 2006
/nature/volumes/441/issues/7093,1 June 2006
/nature/volumes/441/issues/7092,25 May 2006
/nature/volumes/441/issues/7091,18 May 2006
/nature/volumes/441/issues/7090,11 May 2006
/nature/volumes/441/issues/7089,4 May 2006
/nature/volumes/440/issues/7088,27 April 2006
/nature/volumes/440/issues/7087,20 April 2006
/nature/volumes/440/issues/7086,13 April 2006
/nature/volumes/440/issues/7085,6 April 2006
/nature/volumes/440/issues/7084,30 March 2006
/nature/volumes/440/issues/7083,23 March 2006
/nature/volumes/440/issues/7082,16 March 2006
/nature/volumes/440/issues/7081,9 March 2006
/nature/volumes/440/issues/7080,2 March 2006
/nature/volumes/439/issues/7079,23 February 2006
/nature/volumes/439/issues/7078,16 February 2006
/nature/volumes/439/issues/7077,9 February 2006
/nature/volumes/439/issues/7076,2 February 2006
/nature/volumes/439/issues/7075,26 January 2006
/nature/volumes/439/issues/7074,19 January 2006
/nature/volumes/439/issues/7073,12 January 2006
/nature/volumes/439/issues/7072,5 January 2006
/nature/volumes/438/issues/7071,22 December 2005
/nature/volumes/438/issues/7070,15 December 2005
/nature/volumes/438/issues/7069,8 December 2005
/nature/volumes/438/issues/7068,1 December 2005
/nature/volumes/438/issues/7067,24 November 2005
/nature/volumes/438/issues/7066,17 November 2005
/nature/volumes/438/issues/7065,10 November 2005
/nature/volumes/438/issues/7064,3 November 2005
/nature/volumes/437/issues/7063,27 October 2005
/nature/volumes/437/issues/7062,20 October 2005
/nature/volumes/437/issues/7061,13 October 2005
/nature/volumes/437/issues/7060,6 October 2005
/nature/volumes/437/issues/7059,29 September 2005
/nature/volumes/437/issues/7058,22 September 2005
/nature/volumes/437/issues/7057,15 September 2005
/nature/volumes/437/issues/7056,8 September 2005
/nature/volumes/437/issues/7055,1 September 2005
/nature/volumes/436/issues/7054,25 August 2005
/nature/volumes/436/issues/7053,18 August 2005
/nature/volumes/436/issues/7052,11 August 2005
/nature/volumes/436/issues/7051,4 August 2005
/nature/volumes/436/issues/7050,28 July 2005
/nature/volumes/436/issues/7049,21 July 2005
/nature/volumes/436/issues/7048,14 July 2005
/nature/volumes/436/issues/7047,7 July 2005
/nature/volumes/435/issues/7046,30 June 2005
/nature/volumes/435/issues/7045,23 June 2005
/nature/volumes/435/issues/7044,16 June 2005
/nature/volumes/435/issues/7043,9 June 2005
/nature/volumes/435/issues/7042,2 June 2005
/nature/volumes/435/issues/7041,26 May 2005
/nature/volumes/435/issues/7040,19 May 2005
/nature/volumes/435/issues/7039,12 May 2005
/nature/volumes/435/issues/7038,5 May 2005
/nature/volumes/434/issues/7037,28 April 2005
/nature/volumes/434/issues/7036,21 April 2005
/nature/volumes/434/issues/7035,14 April 2005
/nature/volumes/434/issues/7034,7 April 2005
/nature/volumes/434/issues/7033,31 March 2005
/nature/volumes/434/issues/7032,24 March 2005
/nature/volumes/434/issues/7031,17 March 2005
/nature/volumes/434/issues/7030,10 March 2005
/nature/volumes/434/issues/7029,3 March 2005
/nature/volumes/433/issues/7028,24 February 2005
/nature/volumes/433/issues/7027,17 February 2005
/nature/volumes/433/issues/7026,10 February 2005
/nature/volumes/433/issues/7025,3 February 2005
/nature/volumes/433/issues/7024,27 January 2005
/nature/volumes/433/issues/7023,20 January 2005
/nature/volumes/433/issues/7022,13 January 2005
/nature/volumes/433/issues/7021,6 January 2005
